{
  "daily_costs": {
    "2025-10-03": {
      "total": 0.18000000000000002,
      "models": {
        "gpt-4o": 0.02,
        "gemini-2.5-pro": 0.017499999999999998,
        "claude-3-opus": 0.14250000000000002
      }
    }
  },
  "total_cost": 0.18000000000000002
}